<?xml version="1.0" encoding="utf-8"?>
<!--/19207857/1354123/2.50/9/3/Power Supply/-->
<quadcept_library>
  <setting unit="mil" />
  <textstyle name="Default" height="47.244094488189" strokewidth="7.8740157480315" charwidth="47.244094488189" />
  <textstyle name="Dimension" height="19.6850393700787" strokewidth="0" charwidth="19.6850393700787" />
  <textstyle name="H127W0635TH00762" height="50" strokewidth="3" charwidth="25" />
  <textstyle name="H15W15TH02" height="59.0551181102362" strokewidth="7.8740157480315" charwidth="59.0551181102362" />
  <padstyle name="s203" surface="True" plated="False" isvia="False" nopaste="False" nomask="True" complex="False" holesize="0">
    <padshape layer="TOP" shape="square" width="79.921259842519" height="79.921259842519" />
    <padshape layer="TOP_SOLDER_MASK" shape="square" width="87.79527559055" height="87.79527559055" />
    <padshape layer="TOP_SOLDER_PASTE" shape="square" width="79.921259842519" height="79.921259842519" />
  </padstyle>
  <padstyle name="r445_292" surface="True" plated="False" isvia="False" nopaste="False" nomask="True" complex="False" holesize="0">
    <padshape layer="TOP" shape="rectangle" width="114.96062992126" height="175.1968503937" />
    <padshape layer="TOP_SOLDER_MASK" shape="rectangle" width="122.83464566929" height="183.07086614173" />
    <padshape layer="TOP_SOLDER_PASTE" shape="rectangle" width="114.96062992126" height="175.1968503937" />
  </padstyle>
  <padstyle name="s152" surface="True" plated="False" isvia="False" nopaste="False" nomask="True" complex="False" holesize="0">
    <padshape layer="TOP" shape="square" width="59.842519685039" height="59.842519685039" />
    <padshape layer="TOP_SOLDER_MASK" shape="square" width="67.71653543307" height="67.71653543307" />
    <padshape layer="TOP_SOLDER_PASTE" shape="square" width="59.842519685039" height="59.842519685039" />
  </padstyle>
  <padstyle name="r368_203" surface="True" plated="False" isvia="False" nopaste="False" nomask="True" complex="False" holesize="0">
    <padshape layer="TOP" shape="rectangle" width="79.921259842519" height="144.88188976378" />
    <padshape layer="TOP_SOLDER_MASK" shape="rectangle" width="87.79527559055" height="152.75590551181" />
    <padshape layer="TOP_SOLDER_PASTE" shape="rectangle" width="79.921259842519" height="144.88188976378" />
  </padstyle>
  <padstyle name="r343_216" surface="True" plated="False" isvia="False" nopaste="False" nomask="True" complex="False" holesize="0">
    <padshape layer="TOP" shape="rectangle" width="85.039370078739" height="135.03937007874" />
    <padshape layer="TOP_SOLDER_MASK" shape="rectangle" width="92.913385826771" height="142.91338582677" />
    <padshape layer="TOP_SOLDER_PASTE" shape="rectangle" width="85.039370078739" height="135.03937007874" />
  </padstyle>
  <footprint name="IND108W" originx="0" originy="0" pickpointx="0" pickpointy="0">
    <pcbpin number="1" name="1" style="s203" originx="-599.99999999999" originy="-189.76377952756" rotation="90" />
    <pcbpin number="2" name="2" style="s203" originx="-599.99999999999" originy="-70.078740157479" rotation="90" />
    <pcbpin number="3" name="3" style="s203" originx="-305.11811023622" originy="214.96062992126" rotation="90" />
    <pcbpin number="4" name="4" style="s203" originx="-114.96062992126" originy="214.96062992126" rotation="90" />
    <pcbpin number="5" name="5" style="r445_292" originx="57.480314960629" originy="197.63779527559" rotation="90" />
    <pcbpin number="6" name="6" style="r445_292" originx="282.67716535433" originy="197.63779527559" rotation="90" />
    <pcbpin number="7" name="7" style="s152" originx="599.99999999999" originy="10.236220472441" rotation="90" />
    <pcbpin number="8" name="8" style="r368_203" originx="568.11023622047" originy="-99.999999999999" rotation="90" />
    <pcbpin number="9" name="9" style="r343_216" originx="562.59842519684" originy="-212.59842519685" rotation="90" />
    <line layer="TOP_ASSEMBLY" originx="-649.99999999999" originy="264.96062992126" endx="649.99999999999" endy="264.96062992126" width="3.9370078740157" />
    <line layer="TOP_ASSEMBLY" originx="649.99999999999" originy="264.96062992126" endx="649.99999999999" endy="-264.96062992126" width="3.9370078740157" />
    <line layer="TOP_ASSEMBLY" originx="649.99999999999" originy="-264.96062992126" endx="-649.99999999999" endy="-264.96062992126" width="3.9370078740157" />
    <line layer="TOP_ASSEMBLY" originx="-649.99999999999" originy="-264.96062992126" endx="-649.99999999999" endy="264.96062992126" width="3.9370078740157" />
    <line layer="TOP_PLACE_BOUND" originx="-689.37007874015" originy="304.33070866141" endx="689.37007874015" endy="304.33070866141" width="3.9370078740157" />
    <line layer="TOP_PLACE_BOUND" originx="689.37007874015" originy="304.33070866141" endx="689.37007874015" endy="-304.33070866141" width="3.9370078740157" />
    <line layer="TOP_PLACE_BOUND" originx="689.37007874015" originy="-304.33070866141" endx="-689.37007874015" endy="-304.33070866141" width="3.9370078740157" />
    <line layer="TOP_PLACE_BOUND" originx="-689.37007874015" originy="-304.33070866141" endx="-689.37007874015" endy="304.33070866141" width="3.9370078740157" />
    <line layer="TOP_SILKSCREEN" originx="649.99999999999" originy="-28.740157480315" endx="649.99999999999" endy="264.96062992126" width="7.8740157480314" />
    <line layer="TOP_SILKSCREEN" originx="649.99999999999" originy="264.96062992126" endx="393.30708661417" endy="264.96062992126" width="7.8740157480314" />
    <line layer="TOP_SILKSCREEN" originx="-649.99999999999" originy="0" endx="-649.99999999999" endy="264.96062992126" width="7.8740157480314" />
    <line layer="TOP_SILKSCREEN" originx="-649.99999999999" originy="264.96062992126" endx="-393.70078740157" endy="264.96062992126" width="7.8740157480314" />
    <line layer="TOP_SILKSCREEN" originx="-649.99999999999" originy="-264.96062992126" endx="472.44094488188" endy="-264.96062992126" width="7.8740157480314" />
    <line layer="TOP_SILKSCREEN" originx="-673.22834645668" originy="-189.76377952756" endx="-673.22834645668" endy="-189.76377952756" width="3.9370078740157" />
    <arc layer="TOP_SILKSCREEN" originx="-671.25984251968" originy="-189.76377952756" startangle="180.0" sweepangle="180.0" radius="1.9685039370079" width="3.9370078740157" />
    <line layer="TOP_SILKSCREEN" originx="-669.29133858267" originy="-189.76377952756" endx="-669.29133858267" endy="-189.76377952756" width="3.9370078740157" />
    <arc layer="TOP_SILKSCREEN" originx="-671.25984251968" originy="-189.76377952756" startangle=".0" sweepangle="180.0" radius="1.9685039370079" width="3.9370078740157" />
  </footprint>
  <symbol name="IND108W" originx="0" originy="0">
    <line originx="200" originy="100" endx="1100" endy="100" width="0" />
    <line originx="1100" originy="-500" endx="1100" endy="100" width="0" />
    <line originx="1100" originy="-500" endx="200" endy="-500" width="0" />
    <line originx="200" originy="100" endx="200" endy="-500" width="0" />
    <sympin number="1" originx="200" originy="0" rotation="180" length="100" width="7.8740157480315" flipped="False">
      <text name="pinname" originx="230" originy="0" style="Default" rotation="0" justify="left" flipped="False" hidden="False" data="ON/OFF" />
      <text name="pindes" originx="140" originy="20" style="Default" rotation="0" justify="lowerright" flipped="False" hidden="False" data="1" />
    </sympin>
    <sympin number="2" originx="200" originy="-100" rotation="180" length="100" width="7.8740157480315" flipped="False">
      <text name="pinname" originx="230" originy="-100" style="Default" rotation="0" justify="left" flipped="False" hidden="False" data="GND_1" />
      <text name="pindes" originx="140" originy="-80" style="Default" rotation="0" justify="lowerright" flipped="False" hidden="False" data="2" />
    </sympin>
    <sympin number="3" originx="200" originy="-200" rotation="180" length="100" width="7.8740157480315" flipped="False">
      <text name="pinname" originx="230" originy="-200" style="Default" rotation="0" justify="left" flipped="False" hidden="False" data="VS+" />
      <text name="pindes" originx="140" originy="-180" style="Default" rotation="0" justify="lowerright" flipped="False" hidden="False" data="3" />
    </sympin>
    <sympin number="4" originx="200" originy="-300" rotation="180" length="100" width="7.8740157480315" flipped="False">
      <text name="pinname" originx="230" originy="-300" style="Default" rotation="0" justify="left" flipped="False" hidden="False" data="TRIM" />
      <text name="pindes" originx="140" originy="-280" style="Default" rotation="0" justify="lowerright" flipped="False" hidden="False" data="4" />
    </sympin>
    <sympin number="5" originx="200" originy="-400" rotation="180" length="100" width="7.8740157480315" flipped="False">
      <text name="pinname" originx="230" originy="-400" style="Default" rotation="0" justify="left" flipped="False" hidden="False" data="VOUT" />
      <text name="pindes" originx="140" originy="-380" style="Default" rotation="0" justify="lowerright" flipped="False" hidden="False" data="5" />
    </sympin>
    <sympin number="6" originx="1100" originy="0" rotation="0" length="100" width="7.8740157480315" flipped="False">
      <text name="pinname" originx="1070" originy="0" style="Default" rotation="0" justify="right" flipped="False" hidden="False" data="GND_2" />
      <text name="pindes" originx="1160" originy="20" style="Default" rotation="0" justify="lowerleft" flipped="False" hidden="False" data="6" />
    </sympin>
    <sympin number="7" originx="1100" originy="-100" rotation="0" length="100" width="7.8740157480315" flipped="False">
      <text name="pinname" originx="1070" originy="-100" style="Default" rotation="0" justify="right" flipped="False" hidden="False" data="SYNC" />
      <text name="pindes" originx="1160" originy="-80" style="Default" rotation="0" justify="lowerleft" flipped="False" hidden="False" data="7" />
    </sympin>
    <sympin number="8" originx="1100" originy="-200" rotation="0" length="100" width="7.8740157480315" flipped="False">
      <text name="pinname" originx="1070" originy="-200" style="Default" rotation="0" justify="right" flipped="False" hidden="False" data="GND_3" />
      <text name="pindes" originx="1160" originy="-180" style="Default" rotation="0" justify="lowerleft" flipped="False" hidden="False" data="8" />
    </sympin>
    <sympin number="9" originx="1100" originy="-300" rotation="0" length="100" width="7.8740157480315" flipped="False">
      <text name="pinname" originx="1070" originy="-300" style="Default" rotation="0" justify="right" flipped="False" hidden="False" data="VIN" />
      <text name="pindes" originx="1160" originy="-280" style="Default" rotation="0" justify="lowerleft" flipped="False" hidden="False" data="9" />
    </sympin>
  </symbol>
  <component name="IND108W" designatorprefix="PS" height="393.70078740157" footprint="IND108W">
    <comppin designator="1" sympin="1" pinswap="0" gateswap="0" gate="1" group="1" side="" type="Any" name="ON/OFF" />
    <comppin designator="2" sympin="2" pinswap="0" gateswap="0" gate="1" group="1" side="" type="Any" name="GND_1" />
    <comppin designator="3" sympin="3" pinswap="0" gateswap="0" gate="1" group="1" side="" type="Any" name="VS+" />
    <comppin designator="4" sympin="4" pinswap="0" gateswap="0" gate="1" group="1" side="" type="Any" name="TRIM" />
    <comppin designator="5" sympin="5" pinswap="0" gateswap="0" gate="1" group="1" side="" type="Any" name="VOUT" />
    <comppin designator="6" sympin="6" pinswap="0" gateswap="0" gate="1" group="1" side="" type="Any" name="GND_2" />
    <comppin designator="7" sympin="7" pinswap="0" gateswap="0" gate="1" group="1" side="" type="Any" name="SYNC" />
    <comppin designator="8" sympin="8" pinswap="0" gateswap="0" gate="1" group="1" side="" type="Any" name="GND_3" />
    <comppin designator="9" sympin="9" pinswap="0" gateswap="0" gate="1" group="1" side="" type="Any" name="VIN" />
    <attached_symbol gate="1" name="IND108W" />
    <pinmap designator="1" footprintpin="1" />
    <pinmap designator="2" footprintpin="2" />
    <pinmap designator="3" footprintpin="3" />
    <pinmap designator="4" footprintpin="4" />
    <pinmap designator="5" footprintpin="5" />
    <pinmap designator="6" footprintpin="6" />
    <pinmap designator="7" footprintpin="7" />
    <pinmap designator="8" footprintpin="8" />
    <pinmap designator="9" footprintpin="9" />
    <text name="Datasheet" originx="0" originy="0" style="Default" rotation="0" justify="" flipped="False" hidden="True" data="https://www.omnionpower.com/assets/pdfs/windchill/data-sheet/ind108w_ds.pdf?nocache=1710831926" />
    <text name="Description" originx="0" originy="0" style="Default" rotation="0" justify="" flipped="False" hidden="True" data="Non-Isolated DC/DC Converters 12Vin 3-9V 108W 12A Neg Log SMT 33 mm x 13.46 mm x 10 mm" />
    <text name="Manufacturer_Name" originx="0" originy="0" style="Default" rotation="0" justify="" flipped="False" hidden="True" data="OmniOn Power" />
    <text name="Manufacturer_Part_Number" originx="1150" originy="200" style="Default" rotation="0" justify="left" flipped="False" hidden="False" data="IND108W" />
    <text name="Mouser Part Number" originx="0" originy="0" style="Default" rotation="0" justify="" flipped="False" hidden="True" data="" />
    <text name="Mouser Price/Stock" originx="0" originy="0" style="Default" rotation="0" justify="" flipped="False" hidden="True" data="" />
    <text name="Arrow Part Number" originx="0" originy="0" style="Default" rotation="0" justify="" flipped="False" hidden="True" data="" />
    <text name="Arrow Price/Stock" originx="0" originy="0" style="Default" rotation="0" justify="" flipped="False" hidden="True" data="" />
  </component>
</quadcept_library>
