<?xml version="1.0" encoding="utf-8"?>
<!--/2418773/1354123/2.50/5/4/Filter/-->
<quadcept_library>
  <setting unit="mil" />
  <textstyle name="Default" height="47.244094488189" strokewidth="7.8740157480315" charwidth="47.244094488189" />
  <textstyle name="Dimension" height="19.6850393700787" strokewidth="0" charwidth="19.6850393700787" />
  <textstyle name="H127W0635TH00762" height="50" strokewidth="3" charwidth="25" />
  <textstyle name="H15W15TH02" height="59.0551181102362" strokewidth="7.8740157480315" charwidth="59.0551181102362" />
  <padstyle name="c178.5_h119" surface="False" plated="True" isvia="False" nopaste="True" nomask="True" complex="False" holesize="46.850393700787">
    <padshape layer="TOP" shape="round" width="70.27559055118" height="70.27559055118" />
    <padshape layer="TOP_SOLDER_MASK" shape="round" width="78.149606299212" height="78.149606299212" />
    <padshape layer="INNER" shape="round" width="70.27559055118" height="70.27559055118" />
    <padshape layer="BOTTOM" shape="round" width="70.27559055118" height="70.27559055118" />
    <padshape layer="BOTTOM_SOLDER_MASK" shape="round" width="78.149606299212" height="78.149606299212" />
  </padstyle>
  <footprint name="FLT007A0Z" originx="0" originy="0" pickpointx="0" pickpointy="0">
    <pcbpin number="1" name="1" style="c178.5_h119" originx="0" originy="0" rotation="90" />
    <pcbpin number="2" name="2" style="c178.5_h119" originx="0" originy="780.31496062991" rotation="90" />
    <pcbpin number="3" name="3" style="c178.5_h119" originx="0" originy="390.15748031496" rotation="90" />
    <pcbpin number="4" name="4" style="c178.5_h119" originx="779.92125984251" originy="0.39370078740157" rotation="90" />
    <pcbpin number="5" name="5" style="c178.5_h119" originx="779.92125984251" originy="780.31496062991" rotation="90" />
    <line layer="TOP_ASSEMBLY" originx="-110.23622047244" originy="890.55118110235" endx="889.76377952755" endy="890.55118110235" width="7.8740157480314" />
    <line layer="TOP_ASSEMBLY" originx="889.76377952755" originy="890.55118110235" endx="889.76377952755" endy="-109.44881889764" width="7.8740157480314" />
    <line layer="TOP_ASSEMBLY" originx="889.76377952755" originy="-109.44881889764" endx="-110.23622047244" endy="-109.44881889764" width="7.8740157480314" />
    <line layer="TOP_ASSEMBLY" originx="-110.23622047244" originy="-109.44881889764" endx="-110.23622047244" endy="890.55118110235" width="7.8740157480314" />
    <line layer="TOP_SILKSCREEN" originx="-110.23622047244" originy="-109.44881889764" endx="889.76377952755" endy="-109.44881889764" width="3.9370078740157" />
    <line layer="TOP_SILKSCREEN" originx="889.76377952755" originy="-109.44881889764" endx="889.76377952755" endy="890.55118110235" width="3.9370078740157" />
    <line layer="TOP_SILKSCREEN" originx="889.76377952755" originy="890.55118110235" endx="-110.23622047244" endy="890.55118110235" width="3.9370078740157" />
    <line layer="TOP_SILKSCREEN" originx="-110.23622047244" originy="890.55118110235" endx="-110.23622047244" endy="-109.44881889764" width="3.9370078740157" />
    <line layer="TOP_PLACE_BOUND" originx="-173.22834645669" originy="-148.81889763779" endx="929.13385826771" endy="-148.81889763779" width="3.9370078740157" />
    <line layer="TOP_PLACE_BOUND" originx="929.13385826771" originy="-148.81889763779" endx="929.13385826771" endy="929.92125984251" width="3.9370078740157" />
    <line layer="TOP_PLACE_BOUND" originx="929.13385826771" originy="929.92125984251" endx="-173.22834645669" endy="929.92125984251" width="3.9370078740157" />
    <line layer="TOP_PLACE_BOUND" originx="-173.22834645669" originy="929.92125984251" endx="-173.22834645669" endy="-148.81889763779" width="3.9370078740157" />
    <line layer="TOP_SILKSCREEN" originx="-133.85826771653" originy="7.8740157480314" endx="-133.85826771653" endy="7.8740157480314" width="7.8740157480314" />
    <arc layer="TOP_SILKSCREEN" originx="-135.82677165354" originy="7.8740157480314" startangle="180.0" sweepangle="180.0" radius="-1.9685039370079" width="7.8740157480314" />
    <line layer="TOP_SILKSCREEN" originx="-129.92125984252" originy="7.8740157480314" endx="-129.92125984252" endy="7.8740157480314" width="7.8740157480314" />
    <arc layer="TOP_SILKSCREEN" originx="-135.82677165354" originy="7.8740157480314" startangle=".0" sweepangle="180.0" radius="-1.9685039370079" width="7.8740157480314" />
    <line layer="TOP_SILKSCREEN" originx="-133.85826771653" originy="7.8740157480314" endx="-133.85826771653" endy="7.8740157480314" width="7.8740157480314" />
    <arc layer="TOP_SILKSCREEN" originx="-135.82677165354" originy="7.8740157480314" startangle="180.0" sweepangle="180.0" radius="-1.9685039370079" width="7.8740157480314" />
  </footprint>
  <symbol name="FLT007A0Z" originx="0" originy="0">
    <line originx="200" originy="100" endx="900" endy="100" width="0" />
    <line originx="900" originy="-300" endx="900" endy="100" width="0" />
    <line originx="900" originy="-300" endx="200" endy="-300" width="0" />
    <line originx="200" originy="100" endx="200" endy="-300" width="0" />
    <sympin number="1" originx="200" originy="-200" rotation="180" length="100" width="7.8740157480315" flipped="False">
      <text name="pinname" originx="230" originy="-200" style="Default" rotation="0" justify="left" flipped="False" hidden="False" data="VIN+" />
      <text name="pindes" originx="140" originy="-180" style="Default" rotation="0" justify="lowerright" flipped="False" hidden="False" data="1" />
    </sympin>
    <sympin number="2" originx="200" originy="0" rotation="180" length="100" width="7.8740157480315" flipped="False">
      <text name="pinname" originx="230" originy="0" style="Default" rotation="0" justify="left" flipped="False" hidden="False" data="VIN-" />
      <text name="pindes" originx="140" originy="20" style="Default" rotation="0" justify="lowerright" flipped="False" hidden="False" data="2" />
    </sympin>
    <sympin number="3" originx="200" originy="-100" rotation="180" length="100" width="7.8740157480315" flipped="False">
      <text name="pinname" originx="230" originy="-100" style="Default" rotation="0" justify="left" flipped="False" hidden="False" data="GND" />
      <text name="pindes" originx="140" originy="-80" style="Default" rotation="0" justify="lowerright" flipped="False" hidden="False" data="3" />
    </sympin>
    <sympin number="4" originx="900" originy="-100" rotation="0" length="100" width="7.8740157480315" flipped="False">
      <text name="pinname" originx="870" originy="-100" style="Default" rotation="0" justify="right" flipped="False" hidden="False" data="VO+" />
      <text name="pindes" originx="960" originy="-80" style="Default" rotation="0" justify="lowerleft" flipped="False" hidden="False" data="4" />
    </sympin>
    <sympin number="5" originx="900" originy="0" rotation="0" length="100" width="7.8740157480315" flipped="False">
      <text name="pinname" originx="870" originy="0" style="Default" rotation="0" justify="right" flipped="False" hidden="False" data="VO-" />
      <text name="pindes" originx="960" originy="20" style="Default" rotation="0" justify="lowerleft" flipped="False" hidden="False" data="5" />
    </sympin>
  </symbol>
  <component name="FLT007A0Z" designatorprefix="FL" height="0" footprint="FLT007A0Z">
    <comppin designator="1" sympin="1" pinswap="0" gateswap="0" gate="1" group="1" side="" type="Any" name="VIN+" />
    <comppin designator="2" sympin="2" pinswap="0" gateswap="0" gate="1" group="1" side="" type="Any" name="VIN-" />
    <comppin designator="3" sympin="3" pinswap="0" gateswap="0" gate="1" group="1" side="" type="Any" name="GND" />
    <comppin designator="4" sympin="4" pinswap="0" gateswap="0" gate="1" group="1" side="" type="Any" name="VO+" />
    <comppin designator="5" sympin="5" pinswap="0" gateswap="0" gate="1" group="1" side="" type="Any" name="VO-" />
    <attached_symbol gate="1" name="FLT007A0Z" />
    <pinmap designator="1" footprintpin="1" />
    <pinmap designator="2" footprintpin="2" />
    <pinmap designator="3" footprintpin="3" />
    <pinmap designator="4" footprintpin="4" />
    <pinmap designator="5" footprintpin="5" />
    <text name="Datasheet" originx="0" originy="0" style="Default" rotation="0" justify="" flipped="False" hidden="True" data="https://datasheet.datasheetarchive.com/originals/distributors/Datasheets_SAMA/8eec6756649e3853f18fd1295f6060ea.pdf" />
    <text name="Description" originx="0" originy="0" style="Default" rotation="0" justify="" flipped="False" hidden="True" data="Power Line Filters 0-75Vdc 7A Through Hole" />
    <text name="Mouser Part Number" originx="0" originy="0" style="Default" rotation="0" justify="" flipped="False" hidden="True" data="894-FLT007A0Z" />
    <text name="Mouser Price/Stock" originx="0" originy="0" style="Default" rotation="0" justify="" flipped="False" hidden="True" data="https://www.mouser.co.uk/ProductDetail/OmniOn-Power/FLT007A0Z?qs=L%252BFMDj%252BH4RpHUvEHu%2F%252BBmg%3D%3D" />
    <text name="Manufacturer_Name" originx="0" originy="0" style="Default" rotation="0" justify="" flipped="False" hidden="True" data="OmniOn Power" />
    <text name="Manufacturer_Part_Number" originx="950" originy="200" style="Default" rotation="0" justify="left" flipped="False" hidden="False" data="FLT007A0Z" />
  </component>
</quadcept_library>
